date,S,open,high,low,close,ret_cc,range_pct,gex_net_usd,gex_call_usd,gex_put_usd,gex_le30d_share,n_contracts,oi_total,oi_solved_share,flip_level,wall_pos_strike,wall_neg_strike,regime
2025-09-15,153.86,151.25,154.9781,151.025,153.86,0.021150214,0.026242034,17323957,40710855,-23386898,0.59802458,289,178677,1,141.08902,160,140,1
2025-09-16,153.85,153.76,155.8,152.3462,153.85,-6.4996263e-05,0.02244768,17833398,42927167,-25093769,0.60823112,299,179616,0.99988865,142.69761,160,140,1
2025-09-17,153.37,153,154.6588,150.1,153.37,-0.0031247991,0.029631459,19539005,46250952,-26711947,0.8354399,294,176429,0.98406725,143.47236,160,140,1
2025-09-18,146.54,147.13,149.24,142,146.54,-0.045554874,0.047206103,3581522.3,49222851,-45641328,0.69116305,331,285609,0.99119776,144.8707,170,140,1
2025-09-19,142.91,145.57,145.805,142.38,142.91,-0.025083367,0.023372458,164878.51,31570641,-31405763,0.50666393,276,243307,1,142.74173,170,130,1
2025-09-22,144.48,142,145.55,141.35,144.48,0.010926028,0.029389126,2496899.6,36818314,-34321415,0.57960198,260,246697,0.99997973,142.39759,170,130,1
2025-09-23,140.99,145.41,146.16,140.28,140.99,-0.024452124,0.040697674,-3851104.2,35562313,-39413418,0.60940995,320,253952,1,143.46784,160,130,-1
2025-09-24,144.3,142.01,146,141.31,144.3,0.0232055,0.033264771,3179429.5,44781347,-41601917,0.65503957,336,266092,1,142.84345,170,130,1
2025-09-25,140.65,141.98,142.8,138,140.65,-0.025619931,0.033264033,-10803132,38509285,-49312417,0.66852367,331,261515,1,143.61221,155,140,-1
2025-09-26,139.62,141,141.0799,137.62,139.62,-0.0073500884,0.02459936,-5385500.6,31344089,-36729589,0.5570122,294,242501,1,144.16513,160,130,-1
2025-09-29,139.8,141.22,142.3,139.34,139.8,0.0012883833,0.021200401,-5452955.8,34632680,-40085636,0.58341412,301,256177,0.99817704,143.32402,150,130,-1
2025-09-30,141.49,140,141.68,138.49,141.49,0.012016213,0.022818312,-1998044.1,39585843,-41583887,0.61110307,302,263402,1,142.49718,150,130,-1
2025-10-01,150.38,142.41,151.25,142.36,150.38,0.060936381,0.062831295,24925877,56118790,-31192913,0.64702619,318,273258,1,138.59294,155,130,1
2025-10-02,152.145,151,152.5,149.41,152.145,0.01166859,0.020547945,33599558,64513056,-30913497,0.67726325,312,274643,0.99817945,141.73236,155,130,1
2025-10-03,152.64,152.88,154.5468,150.66,152.64,0.0032481942,0.025546682,18808694,45938263,-27129569,0.57042172,292,242332,1,,170,130,1
2025-10-06,156.22,155.44,160.54,154.64931,156.22,0.023183062,0.038592047,22663046,47638966,-24975920,0.57664624,340,251325,1,,170,130,1
2025-10-07,159.345,157,161,154.35,159.345,0.019806393,0.042568173,27078424,51600579,-24522154,0.61291537,376,252216,0.99980572,,170,130,1
2025-10-08,166.77,158.42,168.51,156.5,166.77,0.045543955,0.07537105,32711388,50853706,-18142318,0.6200527,378,266423,0.99969973,,170,140,1
2025-10-09,170.66,164.5,171.86,161.21,170.66,0.023057655,0.063860407,55733697,72754266,-17020570,0.7167918,365,281767,1,,170,140,1
2025-10-10,154.81,171,171.59,153.22,154.81,-0.097474715,0.10764092,22263743,51791235,-29527492,0.62449422,378,304894,1,,180,130,1
2025-10-13,171.94,160.95,175,157,171.94,0.10494702,0.11627156,46589580,64561711,-17972132,0.6687455,381,292759,1,,180,140,1
2025-10-14,168.16,171.41,180.34,167.54,168.16,-0.022229672,0.074444574,49508749,76395988,-26887239,0.673783,407,336516,0.99486206,,180,140,1
2025-10-15,170.67,172,174,167.1,170.67,0.01481596,0.04103235,50506317,78111143,-27604826,0.70589158,396,322055,0.99242986,,180,140,1
2025-10-16,171.19,174,175.97,168.6264,171.19,0.0030421834,0.043028066,61405162,89875367,-28470205,0.72904965,414,337865,0.99956491,,180,140,1
2025-10-17,165.61,169.73,169.73,163.61,165.61,-0.033138424,0.035749752,24529231,44061051,-19531820,0.46452309,363,230434,1,,180,140,1
2025-10-20,171.5,167.5,173.04,167.415,171.5,0.03494764,0.03396534,39471486,58600019,-19128533,0.53013785,354,250607,0.99907026,,180,140,1
2025-10-21,169.38,170.48,173.845,167.06,169.38,-0.012438555,0.039562682,36498044,58032504,-21534460,0.54001372,360,256227,1,,180,160,1
2025-10-22,165.71,168.06,170.835,160.8524,165.71,-0.021905439,0.05893612,24595193,50677792,-26082599,0.70618064,363,250712,0.99997208,,180,157.5,1
2025-10-23,166.6,164.56,169.29,164.07,166.6,0.0053564571,0.031500815,28036198,58439787,-30403589,0.68270272,392,276521,1,,180,160,1
2025-10-24,170.68,170.2,174.4499,169.66,170.68,0.024194729,0.0287509,30496316,51512743,-21016427,0.60605588,346,249017,1,,180,140,1
2025-10-27,178.62,174.27,183.16,174.27,178.62,0.045470186,0.052085775,40024167,57364126,-17339958,0.63775213,330,235336,0.99984278,,180,160,1
2025-10-28,173.09,178.01,179.12,172.93,173.09,-0.031448954,0.034654574,34135956,57854185,-23718229,0.64753231,364,266589,1,,180,160,1
2025-10-29,170.39,175.27,177.25,169.37,170.39,-0.015721763,0.045525449,28123984,54589757,-26465773,0.64943595,376,273558,1,,180,165,1
2025-10-30,165.45,168.5,168.999,165.3001,165.45,-0.029420893,0.021708434,10165653,46850786,-36685133,0.6410389,383,275351,1,158.70439,180,165,1
2025-10-31,169.82,168.5,171.88,166.935,169.82,0.026070018,0.029888184,17497859,38239373,-20741513,0.5002878,342,223325,1,,180,150,1
2025-11-03,168.68,171.49,173.54,168.36,168.68,-0.0067356237,0.030502885,17834143,41815489,-23981346,0.50724072,363,250702,1,,180,150,1
2025-11-04,160.73,162,166.14,160.4,160.73,-0.04827749,0.034028931,5436298,35251770,-29815472,0.50589163,364,254314,1,149.66998,180,150,1
2025-11-05,160.19,158.74,164.33,156.33,160.19,-0.0033653279,0.049772911,4972925.3,37901049,-32928124,0.52302307,367,262000,1,152.98148,180,150,1
2025-11-06,158.25,167,167.4799,155.18,158.25,-0.01218455,0.076783195,-8853857.1,42639388,-51493246,0.60910648,354,287274,1,161.83763,180,155,-1
2025-11-07,152.38,154.74,155.23,146.29,152.38,-0.03779866,0.056492891,-1047431,33254171,-34301602,0.43829321,309,245388,1,153.70811,180,140,-1
2025-11-10,154.84,158.85,159.315,154.55,154.84,0.016014925,0.031270508,2252039.3,39082927,-36830888,0.45546381,350,257020,1,153.08642,180,150,1
2025-11-11,149.74,153,153,146.7017,149.74,-0.033491869,0.040676182,-12364532,30560486,-42925017,0.47628206,346,250478,0.99675021,159.99247,170,150,-1
2025-11-12,148.75,151.35,152.48,146.8471,148.75,-0.0066334124,0.037617871,-15880658,30981447,-46862105,0.50159346,358,253668,1,159.30649,170,150,-1
2025-11-13,140.31,147,147.635,138.38,140.31,-0.058412784,0.062218487,-26015789,21079687,-47095476,0.50781871,330,228529,0.99997375,,165,140,-1
2025-11-14,139.77,136.75,143.745,135.1,139.77,-0.0038560459,0.06161357,-19345214,21282255,-40627468,0.43662131,296,219745,1,,165,140,-1
2025-11-17,140.26,139.63,143.8,138.19,140.26,0.0034996286,0.040137369,-17663177,22622108,-40285285,0.4492908,318,221194,1,,165,140,-1
2025-11-18,136.04,137.78,139.54,133.24,136.04,-0.030548883,0.044916583,-20384561,21270070,-41654631,0.42248475,351,229007,1,,155,140,-1
2025-11-19,136.99,137.6,138.56,134.92,136.99,0.0069589703,0.026756836,-20248048,23522887,-43770935,0.58571515,381,240517,1,,142,140,-1
2025-11-20,132.53,142.28,143.32,131.85,132.53,-0.033098896,0.083728739,-24979803,18927494,-43907298,0.54432111,369,243060,1,,142,135,-1
2025-11-21,131.57,131.09,133.27,125.17,131.57,-0.0072700055,0.061118237,-17703949,14229397,-31933346,0.34955745,325,201903,1,,134,130,-1
2025-11-24,134.71,132.62,136.015,132.55,134.71,0.02358529,0.026335791,-19890346,20451520,-40341866,0.38551555,361,240495,0.99999584,,134,130,-1
2025-11-25,131.44,132,132.5,126.92,131.44,-0.024573846,0.041422315,-20343403,18993571,-39336974,0.42797892,388,218430,1,,134,130,-1
2025-11-26,132.61,133.5,134.65,132.36,132.61,0.008862016,0.017422398,-18956703,22582806,-41539510,0.46189024,398,224078,1,,134,130,-1
2025-11-28,135.56,133.79,135.66,132.7,135.56,0.022001857,0.022321092,-15206455,23230640,-38437095,0.34490759,391,243562,0.9999261,,142,130,-1
2025-12-01,135.01,133.43,136.58,133,135.01,-0.004065497,0.02640897,-16429421,24467313,-40896733,0.35643209,395,245954,1,,139,130,-1
2025-12-02,136.48,136.03,139.35,135.74,136.48,0.010829234,0.02673876,-13827673,28217466,-42045139,0.38449573,420,251073,1,,142,130,-1
2025-12-03,139.19,137.36,139.56,135.8075,139.19,0.019661822,0.027494871,-7923977.3,33631394,-41555371,0.41716498,413,242574,0.99918375,,142,130,-1
2025-12-04,140.49,139.91,141.3999,138.2179,140.49,0.0092964056,0.022860838,-4595584.1,38247063,-42842647,0.44719339,406,247987,0.99990725,,142,130,-1
2025-12-05,141.31,143.21,144.25,140.49,141.31,0.0058197467,0.026763471,-11037280,29782347,-40819626,0.35595044,374,235824,1,,160,130,-1
2025-12-08,139.78,143.2,143.4139,138.31,139.78,-0.010886301,0.036118463,-11851785,30527836,-42379620,0.37236411,380,239717,0.9999124,,160,130,-1
2025-12-09,141.93,139.57,142.22,138.36,141.93,0.01526422,0.027614823,-8356526,36816398,-45172924,0.38745755,433,267223,0.9999289,149.30654,170,130,-1
2025-12-10,141.52,141.74,142.8,140,141.52,-0.0028929285,0.019728035,-9680667.9,35447517,-45128185,0.41194159,410,246677,1,149.79361,160,130,-1
2025-12-11,136.14,137.99,138.26,133.092,136.14,-0.038757282,0.036517807,-18445601,30882592,-49328193,0.40295614,428,262359,0.99998475,,155,130,-1
2025-12-12,130.89,135.31,137,130.4108,130.89,-0.039326492,0.048400176,-21245790,23480072,-44725863,0.35631707,361,232337,1,,139,130,-1
2025-12-15,124.37,126.38,128.74,123.145,124.37,-0.051096282,0.042745817,-26114493,19169916,-45284409,0.365169,373,230412,1,,143,125,-1
2025-12-16,121.1,123.5,124,117.83,121.1,-0.026644343,0.049610035,-27601150,19704371,-47305521,0.38235267,352,236652,1,,135,125,-1
2025-12-17,114.58,121.1,121.6346,112.63,114.58,-0.055343382,0.07435673,-29273109,12849342,-42122451,0.81460532,300,213363,1,,128,110,-1
2025-12-18,113.51,117.45,118.0646,113.43,113.51,-0.0093823302,0.040448595,-27951684,17390415,-45342099,0.79990961,278,227968,1,,135,110,-1
2025-12-19,114.03,114,115.21,113.42,114.03,0.0045706329,0.015769536,-24518783,14477737,-38996520,0.75415266,323,210347,1,,121,110,-1
2025-12-22,113.29,117.17,117.21,112.67,113.29,-0.0065106688,0.039814084,-26045784,16164369,-42210153,0.76123896,340,214777,0.99999534,,121,110,-1
2025-12-23,112.02,112.63,112.9,110.29,112.02,-0.011273476,0.02303822,-27754090,17410351,-45164441,0.78352754,353,214705,1,,118,110,-1
2025-12-24,111.55,112.09,112.32,110.5801,111.55,-0.0042045059,0.015532048,-29929165,21640890,-51570055,0.80382261,398,232960,1,,118,110,-1
2025-12-26,110.27,111.5,111.6,110.1,110.27,-0.011541017,0.013446885,-22826425,19709720,-42536145,0.76973442,332,222157,0.99904572,,120,110,-1
2025-12-29,110.51,108.81,111.29,108.3801,110.51,0.0021741108,0.026388864,-25946230,17455276,-43401506,0.76027071,374,217349,0.9999908,,120,105,-1
2025-12-30,110.86,110.63,112,110.39,110.86,0.0031621294,0.014568817,-16662266,24875904,-41538170,0.7650989,391,224948,1,,120,110,-1
2025-12-31,109.31,110.48,111.6,109.29,109.31,-0.014080262,0.020837092,-26797998,21642222,-48440220,0.76259773,369,235343,1,,120,110,-1
2026-01-02,114.73,113.07,116.29,112.83,114.73,0.04839366,0.031653097,-14889808,25591673,-40481481,0.71239079,391,236626,1,,120,110,-1
2026-01-05,116.11,120.55,122.5,116.03,116.11,0.011956476,0.056393271,-12083966,28799731,-40883697,0.72435089,414,238799,1,,120,110,-1
2026-01-06,115.53,117.6,117.97,114.99,115.53,-0.0050077811,0.025665317,-13462840,30529857,-43992697,0.72829077,421,251426,1,,120,110,-1
2026-01-07,115.68,114.93,117.2,113.97,115.68,0.0012975219,0.027958106,-13043193,31607250,-44650444,0.73990194,417,255732,1,,120,110,-1
2026-01-08,113.08,115.82,116.2799,110.553,113.08,-0.022732226,0.049506397,-9203921.1,34910815,-44114736,0.72026213,411,265436,0.99951024,115.88519,120,110,-1
2026-01-09,111.79,113.91,113.98,109.52,111.79,-0.011473422,0.039441104,-13463979,27186198,-40650177,0.68088316,366,233379,1,120.53491,120,110,-1
2026-01-12,111.14,110.94,111.61,109.25,111.14,-0.0058314434,0.021111012,-16222930,27907183,-44130114,0.67488903,375,252044,1,120.45908,120,110,-1
2026-01-13,107.84,108.96,111.75,105.9,107.84,-0.030142021,0.052636315,-26972470,18784936,-45757405,0.70381244,373,230553,0.99908047,117.76491,116,110,-1
2026-01-14,104.99,106.49,106.49,102.01,104.99,-0.02678354,0.041543027,-31139272,15376590,-46515862,0.68869521,381,243838,0.9999877,115.05136,112,100,-1
2026-01-15,105.11,108.13,108.885,104.95,105.11,0.0011423133,0.03747976,-25106775,20489046,-45595821,0.64071232,394,269046,1,112.48205,112,100,-1
2026-01-16,105.78,106.66,107.96,105.19,105.78,0.0063540448,0.026353344,-14898956,9858280.8,-24757237,0.26208287,352,170844,1,,112,100,-1
2026-01-20,107.17,104.75,110.74,104.41,107.17,0.013054893,0.05984118,-13457648,11820262,-25277910,0.30801629,367,175275,1,,112,100,-1
2026-01-21,113.92,111.17,117.28,111.075,113.92,0.061080089,0.057898666,-2186690.6,24256511,-26443202,0.61217159,431,222096,1,120.21508,130,100,-1
2026-01-22,119.2,120.34,123.5,118.65,119.2,0.045306307,0.042573736,6384437.6,34328042,-27943604,0.63667685,439,252663,0.99998417,113.6137,130,100,1
2026-01-23,116.07,120.88,121.85,114.58,116.07,-0.026609297,0.060989933,-5707537.6,21996140,-27703678,0.54672431,405,221534,0.99868643,126.98506,130,100,-1
2026-01-26,114.73,116.36,116.4399,114.06,114.73,-0.011611916,0.020504006,-7679805.3,21999421,-29679226,0.55950439,430,228722,1,126.18696,130,100,-1
2026-01-27,114.88,116.15,117.39,114.235,114.88,0.0013065635,0.027499346,-7382883,23536424,-30919307,0.57493206,438,235401,0.99915888,121.85774,130,100,-1
2026-01-28,109.96,115,115.78,109.06,109.96,-0.043771442,0.058495822,-13554156,19105847,-32660004,0.57486614,447,234369,0.99996587,,130,100,-1
2026-01-29,108.43,110,110.4,104.11,108.43,-0.01401186,0.057202619,-14399056,20416982,-34816038,0.60500279,439,243256,1,,130,100,-1
2026-01-30,105.36,107.09,108,105.03,105.36,-0.028721746,0.027390943,-15236577,12273016,-27509593,0.50164468,386,203037,1,,112,100,-1
2026-02-02,106.93,104.97,108.12,104.01,106.93,0.014791357,0.039009112,-13457873,14054249,-27512122,0.53269974,395,201050,1,,112,100,-1
2026-02-03,104.55,108,109.36,101.57,104.55,-0.022508989,0.072851398,-13798852,14149581,-27948433,0.53479822,403,217337,1,,112,100,-1
2026-02-04,104.9,105,108.185,103,104.9,0.0033420895,0.049593496,-14814396,14950172,-29764568,0.55174181,420,224357,1,,112,100,-1
2026-02-05,110.88,104,115.1,100.02,110.88,0.05544102,0.14375596,5036196.1,40419714,-35383517,0.68320134,444,281865,0.99993614,109.18128,110,100,1
2026-02-06,123.7,112.98,124.31,112.53,123.7,0.10941074,0.10624098,679633.77,28264059,-27584426,0.49101424,359,237797,1,122.368,130,100,1
2026-02-09,124.61,119.99,125.245,118.25,124.61,0.0073295806,0.0565481,6125183.1,34542622,-28417438,0.53468462,369,244617,0.99985283,118.95461,130,100,1
2026-02-10,125.95,124.5,130.9,124.25,125.95,0.010696143,0.053366503,13834384,39944296,-26109912,0.56334232,412,230125,1,115.90094,130,110,1
2026-02-11,125.28,127.51,129.54,125.16,125.28,-0.0053337706,0.034775705,15336075,43106662,-27770587,0.59281674,419,235191,1,116.48601,130,110,1
2026-02-12,122.19,125.28,128.24,120.82,122.19,-0.024974022,0.059227331,4539879.6,37807777,-33267898,0.58509259,441,252545,0.99717674,119.90383,130,100,1
2026-02-13,125.28,120.18,127.42,119.7,125.28,0.024974022,0.063180293,4604759.3,31408540,-26803781,0.49227135,388,210141,1,118.78136,130,110,1
2026-02-17,126.89,124.5,127,120.58,126.89,0.012769337,0.051245211,8244085.4,35823366,-27579281,0.52622027,380,212534,0.99928953,120.70656,130,110,1
2026-02-18,127.24,128.29,130.4,126,127.24,0.0027544975,0.034675703,7515654.3,41497784,-33982130,0.74279837,418,267963,0.99651071,123.10365,130,110,1
2026-02-19,126.93,125.9,126.97,122.65,126.93,-0.0024393135,0.033951588,8003164.4,43581795,-35578631,0.74974371,412,262816,0.99939121,124.46579,130,110,1
2026-02-20,125.58,125.05,130,124.96,125.58,-0.010692748,0.039706925,-2871864.4,24531625,-27403490,0.60737409,392,219342,1,130.03078,140,120,-1
2026-02-23,123.78,123.43,126.71,121.91,123.78,-0.014437209,0.038222647,-5824282.2,25159515,-30983797,0.61262432,382,241609,0.99977236,130.60021,130,120,-1
2026-02-24,128.14,124.62,131.39,124,128.14,0.03461762,0.059702698,1979859.9,30664005,-28684145,0.64467576,432,233057,1,126.30597,130,120,1
2026-02-25,131.74,128.35,133.28,128.35,131.74,0.027706867,0.038473545,10171666,35729990,-25558324,0.6896602,443,223491,1,123.55206,140,120,1
2026-02-26,129.26,131.94,134.25,126.66,129.26,-0.019004403,0.057613481,8663071,39119236,-30456165,0.69527054,431,244585,0.99941534,125.54251,130,110,1
2026-02-27,127.45,126.65,128.89,126.01,127.45,-0.014101749,0.022280675,-1298003.3,26175753,-27473757,0.61204042,398,222461,0.99992808,129.26243,140,110,-1
2026-03-02,124.37,123.54,125.84,121.64,124.37,-0.024463137,0.0329541,-6066098.6,25359481,-31425580,0.61488111,418,240252,0.99998335,130.94747,140,110,-1
2026-03-03,121.72,119.5,122.15,116.39,121.72,-0.021537669,0.04631342,-8513163.2,24278883,-32792046,0.62182032,454,248478,0.9999839,128.66615,130,110,-1
2026-03-04,124.11,123,127.4,121.74,124.11,0.019444944,0.046500164,-6325470,27637438,-33962908,0.64066795,435,248084,1,128.37334,130,110,-1
2026-03-05,120.62,123,124.35,118.77,120.62,-0.028523161,0.044960116,-11253617,23530037,-34783653,0.63814044,427,242102,1,127.38651,130,110,-1
2026-03-06,114.38,117.84,119.27,113.51,114.38,-0.05311887,0.047753275,-15112097,15486619,-30598716,0.56842951,384,219420,1,,130,110,-1
2026-03-09,117.63,112.5,118.14,111.2601,117.63,0.028017866,0.060149502,-13158165,21493671,-34651836,0.59536969,407,242276,1,,140,110,-1
2026-03-10,120.55,117,123.605,116.99,120.55,0.0245205,0.056235654,-8350577.7,25931320,-34281898,0.62499043,434,238605,1,,130,110,-1
2026-03-11,120.1,120.83,123.2,119.33,120.1,-0.0037398755,0.032102862,-8112477.1,27595681,-35708159,0.63820524,438,241379,1,127.69408,130,110,-1
2026-03-12,115.12,118.43,119.25,114.455,115.12,-0.042349667,0.039925062,-17777411,20119537,-37896948,0.6209098,423,232422,1,,117,115,-1
2026-03-13,115.75,115.8,118.06,115.05,115.75,0.0054576304,0.02614663,-14018863,20669076,-34687939,0.5957104,381,225113,1,,122,110,-1
2026-03-16,121.7,119.5,123.4392,118.375,121.7,0.050126307,0.043751188,-4859413.7,31080119,-35939533,0.62038551,409,249512,0.99253743,127.4476,130,110,-1
2026-03-17,127.31,124.92,128.7999,124.8,127.31,0.045066057,0.032866886,5606242.7,40450267,-34844024,0.66258426,425,247410,0.99998383,122.07982,130,110,1
2026-03-18,128.36,128,130.88,127.205,128.36,0.0082137592,0.028866546,9502312.6,40670718,-31168405,0.77525259,436,233740,1,122.81808,130,110,1
2026-03-19,129.82,125,130.725,124.5,129.82,0.011310059,0.048496416,13916860,47969766,-34052906,0.78260909,466,245252,0.99999592,119.99656,130,110,1
2026-03-20,132.35,137.26,139.95,131.423,132.35,0.019301053,0.065683254,4634010.3,19568157,-14934147,0.52422417,398,153485,1,,140,110,1
2026-03-23,136.89,133.43,138.845,133.12,136.89,0.033727755,0.043256517,10469900,26418072,-15948172,0.57298636,412,176615,1,,145,110,1
2026-03-24,134.96,136,140.58,133.01,134.96,-0.014199245,0.055299876,12990756,31222804,-18232048,0.62891353,456,187281,0.99995728,,140,110,1
2026-03-25,157.07,148.37,166.69,148.25,157.07,0.15171313,0.13663308,22089997,27093838,-5003841.8,0.65492862,338,122612,1,,150,130,1
2026-03-26,154.8,157,163.53,154.35,154.8,-0.014557605,0.058445279,16061703,41930772,-25869068,0.77919629,423,191986,1,,152.5,157.5,1
2026-03-27,144.13,151.53,152.75,142.21,144.13,-0.071418291,0.068087855,5691819.4,23154094,-17462275,0.59189355,462,164137,1,,160,120,1
2026-03-30,136.96,143.95,145.75,136,136.96,-0.051026758,0.067647263,-420184.66,23529933,-23950117,0.57625008,495,201124,0.99955749,137.92401,160,110,-1
2026-03-31,151.28,139.9,151.59,139.9,151.28,0.099443512,0.085353388,14815872,33497057,-18681186,0.66401069,461,174155,0.99897792,,160,130,1
2026-04-01,155.07,154.4,158.37,152.3,155.07,0.024744204,0.040124273,18826617,36941226,-18114609,0.69448071,445,179013,0.98215213,,160,130,1
2026-04-02,149.11,149.77,152.07,145.82,149.11,-0.039192339,0.040304379,7468416,28274685,-20806269,0.6143485,424,182441,1,135.09716,160,120,1
2026-04-06,148.77,152.15,153.68,146.1,148.77,-0.0022827994,0.050834954,9330086,32158739,-22828653,0.63855941,426,194112,0.99834116,135.90056,160,130,1
2026-04-07,143.86,144.13,145.5,137.58,143.86,-0.033560885,0.05323654,5296067.7,30764598,-25468530,0.64492372,435,198669,1,136.81766,160,130,1
2026-04-08,148.91,151.87,153.42,145,148.91,0.034501492,0.058529126,11079019,37272780,-26193760,0.67441625,435,211961,0.98797892,137.46194,160,130,1
2026-04-09,149.795,148.23,150.4,145.27,149.795,0.0059255961,0.034450339,13226699,41278503,-28051804,0.69954647,426,212198,0.99836473,139.83916,160,130,1
2026-04-10,148.93,152.23,159.29,147.96,148.93,-0.0057912958,0.075636703,7657810.4,32233557,-24575747,0.62641606,381,196027,0.98612436,137.80295,160,140,1
2026-04-13,157.58,147.78,157.77,147.5,157.58,0.056456869,0.068958571,17001461,35771325,-18769863,0.66252092,358,164907,0.99962403,,160,140,1
2026-04-14,161.22,161.14,163.5,157.6,161.22,0.022836626,0.0374413,24826915,42877499,-18050584,0.66694702,347,177160,0.99708173,,160,140,1
2026-04-15,159.34,161.22,161.74,156.21,159.34,-0.011729608,0.034300955,23201532,44625941,-21424409,0.81885216,359,180789,0.99919796,144.26203,160,140,1
2026-04-16,162.33,159.99,166.09,156.85,162.33,0.018591016,0.057989205,26856869,46904339,-20047469,0.82022579,338,174370,0.99532603,,160,140,1
2026-04-17,166.73,166.5,168.35,162.7276,166.73,0.026744437,0.034635619,22072937,33576248,-11503311,0.74627938,300,139832,0.99790463,,170,140,1
2026-04-20,175.1,167.51,175.315,164.1,175.1,0.048981502,0.06726444,35741192,44081339,-8340147,0.81710868,284,138054,0.99849334,,180,157.5,1
2026-04-21,175.49,175,179.4,173.3,175.49,0.0022248219,0.034837236,38486770,50358131,-11871360,0.83333509,293,151660,1,,180,157.5,1
2026-04-22,196.57,180,196.66,178.475,196.57,0.11343654,0.10362414,34701799,38459995,-3758195.8,0.82831888,254,117497,1,,200,157.5,1
2026-04-23,204.61,194.23,210.8,192.18,204.61,0.040087126,0.094724526,38225999,42931739,-4705739.4,0.82468838,287,122320,1,,200,187.5,1
2026-04-24,234.81,221.99,237.68,218.375,234.81,0.13767095,0.094350227,26992576,28795245,-1802668.7,0.78208708,236,87080,1,,250,275,1
2026-04-27,215.88,225,227.3,210,215.88,-0.084053979,0.07367659,22225549,33325366,-11099817,0.77129779,348,124991,1,,250,175,1
2026-04-28,198.65,197,204.6693,195,198.65,-0.083178215,0.044790161,17478417,37439833,-19961417,0.76996656,356,167500,1,,200,175,1
2026-04-29,201.69,202.71,203.5,193.91,201.69,0.015187383,0.048275862,21447324,42120252,-20672927,0.81093816,359,162828,1,,220,170,1
2026-04-30,210.32,204,215.2,200.04,210.32,0.041898315,0.075164857,33822756,53780317,-19957561,0.8302439,357,168420,1,,220,185,1
2026-05-01,211.18,208.15,216.3532,207.16,211.18,0.00408067,0.043710536,13168753,25007585,-11838832,0.63888294,324,117361,1,,250,170,1
2026-05-04,203.26,212.5,215.45,198.35,203.26,-0.038224903,0.080973577,10919209,25806342,-14887133,0.6560568,314,128610,1,,220,170,1
2026-05-05,208.84,210,214.39,204.3249,208.84,0.027082461,0.049518351,14003350,31244263,-17240913,0.68252093,347,144757,1,,220,185,1
2026-05-06,237.3,232,239.5,220.1,237.3,0.12775675,0.092894082,25471848,33055046,-7583197.6,0.7425771,350,117443,1,,250,190,1
2026-05-07,213.31,222,232.23,210.23,213.31,-0.10657866,0.09270965,12815241,49033933,-36218692,0.82325132,356,179594,0.99864138,206.46439,220,200,1
2026-05-08,213.27,217,222,211,213.27,-0.00018753809,0.05156814,10040467,30155066,-20114599,0.65742422,324,128677,1,,230,190,1
2026-05-11,212.65,207.19,215.5,206.5001,212.65,-0.0029113469,0.042199559,12586768,35809962,-23223194,0.69572516,324,141252,1,193.34863,230,190,1
2026-05-12,207.92,205,216.498,200.89,207.92,-0.022494231,0.073397602,5795074.4,34858768,-29063694,0.69866498,325,147806,0.98697617,201.106,230,190,1
2026-05-13,221.21,212,222.4699,207.87,221.21,0.061959086,0.070218834,25324739,48091336,-22766597,0.73739208,344,155364,0.99980047,200.14442,230,190,1
2026-05-14,228.5,217.84,228.68,213.23,228.5,0.032423734,0.069843135,38441284,58575657,-20134373,0.7438397,336,150484,1,,230,200,1
2026-05-15,209.16,214.68,216.7,208.5,209.16,-0.088436701,0.035886214,2415811.4,21793742,-19377931,0.41140546,290,120978,1,200.3544,240,200,1
2026-05-18,215.12,209.79,215.5,203.0049,215.12,0.028096503,0.059739434,6288852.3,26680066,-20391214,0.51904684,287,119410,0.99943053,202.2786,220,200,1
2026-05-19,223.15,209.09,226.9499,206.38,223.15,0.036648179,0.095620584,13427171,32620857,-19193686,0.8422907,330,128832,1,,220,200,1
2026-05-20,256.73,226.54,259.44,226.085,256.73,0.14018076,0.14947345,34178377,39095815,-4917437.7,0.86807435,316,103019,1,,250,207.5,1
2026-05-21,298.23,267.56,298.7,266.0001,298.23,0.14984005,0.12737078,35536051,37928052,-2392000.4,0.83449577,322,93788,1,,300,257.5,1
2026-05-22,306.51,289.13,315,288.21,306.51,0.02738538,0.089829997,31358833,36895206,-5536372.7,0.80261928,325,90255,1,,300,275,1
2026-05-26,321.22,317.52,324.9999,300,321.22,0.046875865,0.081563081,29264038,37076479,-7812440.3,0.81764696,336,85803,1,,350,275,1
2026-05-27,302.71,320.47,323.77,300.88,302.71,-0.059350995,0.071259573,11539433,46374894,-34835461,0.88100833,397,126567,1,,350,290,1
2026-05-28,335.27,310.8,349.42,308.6175,335.27,0.10216093,0.13479072,41992037,52521971,-10529934,0.83736517,391,121566,1,,350,290,1
2026-05-29,353.29,339,356.45,337,353.29,0.052353072,0.058012945,22658517,30768232,-8109715.2,0.79525418,379,73418,1,,350,312.5,1
2026-06-01,408.85,389.81,421.6899,381.25,408.85,0.14605909,0.11446659,29568887,33684285,-4115397.7,0.76363748,393,67306,1,,400,330,1
2026-06-02,402.71,400.57,427.99,387.903,402.71,-0.015131641,0.098048184,30640136,46716737,-16076601,0.83825368,502,92696,0.97794943,,400,385,1
2026-06-03,411.83,407.5,417.5,373.89,411.83,0.022393943,0.10829133,34710813,55550143,-20839331,0.83924608,509,101919,1,,450,385,1
2026-06-04,393.44,380.41,397.4499,367.52,393.44,-0.045682064,0.072675376,27167818,65146938,-37979120,0.88688542,515,115231,1,,402.5,330,1
2026-06-05,342.93,370,373.74,337.5513,342.93,-0.13740223,0.091980226,631760.48,24152627,-23520867,0.66386116,414,101932,1,,300,330,1
2026-06-08,346.39,354,364.35,339.006,346.39,0.010038963,0.073904295,486706.98,29779812,-29293105,0.71413007,437,114025,1,343.49701,300,330,1
2026-06-09,324.86,362.21,362.575,298.38,324.86,-0.064170988,0.18532579,-1906448.2,31691738,-33598186,0.6892731,460,137202,1,338.54601,270,330,-1
2026-06-10,307.43,314.47,332.1,304.11,307.43,-0.055146901,0.086160192,-13524183,30027898,-43552081,0.73518426,439,152288,1,,270,317.5,-1
2026-06-11,342.23,315,344.68,310.183,342.23,0.10723561,0.11221091,1381475.8,45453037,-44071561,0.80613036,505,141610,1,340.54703,350,330,1
2026-06-12,380.81,353.39,385.8,350.04,380.81,0.10681754,0.10449113,14176520,29190490,-15013969,0.69612408,458,81573,1,,350,320,1
2026-06-15,412.55,390.37,416.1737,369.25,412.55,0.080056847,0.12322077,26700297,38033457,-11333160,0.68181814,462,78328,1,,400,365,1
2026-06-16,396.34,399.62,428.6,395.88,396.34,-0.040084982,0.079311599,27471078,47826012,-20354935,0.75007534,524,100729,1,,420,320,1
2026-06-17,418.88,412,444.8,400.14,418.88,0.055312054,0.11268103,37985797,58698169,-20712372,0.89268669,558,108872,1,,420,395,1
2026-06-18,439.46,441.75,452.7,423.62,439.46,0.047962218,0.069423224,15057523,24579075,-9521552.2,0.73816574,480,62471,1,,450,410,1
2026-06-22,407.72,440.5,444.95,401.95,407.72,-0.074966036,0.097847358,9385334.1,28968531,-19583197,0.78101573,524,84800,1,,450,410,1
2026-06-23,366.39,370,389.8,362.9,366.39,-0.10688232,0.065976651,-10682087,22549731,-33231818,0.73751625,525,108745,1,,300,350,-1
2026-06-24,359.08,372.31,374.56,344.12,359.08,-0.020153135,0.08308087,-9345299.8,29671348,-39016647,0.7985512,537,123424,1,383.57321,387.5,350,-1
2026-06-25,347.71,379.34,379.97,339.5201,347.71,-0.032176406,0.11264871,-19832138,26769826,-46601965,0.81124446,560,128122,0.99900876,380.38918,387.5,350,-1
2026-06-26,334.27,335.73,339.9,326.8,334.27,-0.039419749,0.037675074,-6109022,19301034,-25410056,0.62358673,495,107891,1,,270,320,-1
2026-06-29,343.58,336.2,346.1499,303.67,343.58,0.027470932,0.1270826,-2417977.7,27468873,-29886851,0.74507244,536,113130,1,352.80894,390,285,-1
2026-06-30,354.57,349.39,361.9499,342.0715,354.57,0.031485806,0.057856685,8371780.4,39021187,-30649406,0.77306367,565,122305,1,335.82592,360,320,1
2026-07-01,337.47,341.38,346.67,332,337.47,-0.04942917,0.041374059,452656.69,41064932,-40612275,0.78784981,539,145581,1,336.99443,390,330,1
2026-07-02,315.28,337.07,358.49,309.74,315.28,-0.068015485,0.14445729,-6787424.7,18353971,-25141396,0.62968538,404,107233,1,,270,285,-1
2026-07-06,322.24,325,338.2441,321.5,322.24,0.021835477,0.053108665,-3833351.4,26449442,-30282794,0.67820902,438,124263,1,342.77665,270,285,-1
2026-07-07,300.43,305.93,314.9,293.99,300.43,-0.070081828,0.064889523,-10558815,22602900,-33161715,0.68151416,418,127801,1,,270,285,-1
2026-07-08,300.24,297.86,311.365,290.45,300.24,-0.00063262692,0.069616882,-10908027,26593522,-37501550,0.71715313,440,135481,1,328.0831,270,285,-1
2026-07-09,327.87,318.68,339.44,311.15,327.87,0.088035034,0.09422462,11353209,46608872,-35255663,0.78834886,484,141679,1,314.54344,337.5,285,1
2026-07-10,323.39,323.51,328.2806,317.88,323.39,-0.013758163,0.031721719,-612179.67,27811382,-28423562,0.66707953,416,118211,1,326.65847,270,285,-1
2026-07-13,298.99,310,311.43,293.5,298.99,-0.078448897,0.055443891,-7238102.2,26107080,-33345182,0.6488959,403,134720,1,,310,285,-1
2026-07-14,281.17,309.3,310.5,276.26,281.17,-0.061450659,0.11451888,-11736554,22673702,-34410256,0.65388555,406,129440,1,,310,285,-1
2026-07-15,277.01,280.21,288.4999,265.2,277.01,-0.014905862,0.08286766,-9301110.9,29826964,-39128075,0.70263004,402,141562,1,299.2892,310,285,-1
2026-07-16,262.01,268.39,268.66,252.61,262.01,-0.055670936,0.057940147,-13483655,24371943,-37855599,0.68587655,398,140611,1,,310,250,-1
2026-07-17,267.19,249.62,272.88,243.12,267.19,0.019577345,0.11358345,540157.4,17005327,-16465169,0.39259166,353,104990,1,257.30916,310,250,1
2026-07-20,269.61,272,277.4,268.06,269.61,0.0090164545,0.034956398,2345172.6,19687203,-17342031,0.43682455,353,109057,1,,310,250,1
2026-07-21,289.73,285.02,294,274.5,289.73,0.071972984,0.072326694,8624410.7,27231671,-18607261,0.53332188,409,117689,1,,310,250,1
2026-07-22,283.4,279.61,288.44,279.501,283.4,-0.022090128,0.030852863,6424958.5,29508519,-23083560,0.74679408,424,132137,1,261.61605,310,250,1
2026-07-23,283.04,275,284,274.77,283.04,-0.0012710968,0.032568807,5106305.1,31608338,-26502033,0.74083387,428,136462,1,269.29514,310,250,1
2026-07-24,260.01,282.5,288.9899,258.43,260.01,-0.084868139,0.10797025,935515.09,16103590,-15168075,0.52120739,351,106563,1,248.11258,300,250,1
2026-07-27,266.33,262.02,268.2,251.61,266.33,0.02401605,0.063805238,2128943.6,18975787,-16846844,0.5584988,363,110263,1,246.04035,300,250,1
2026-07-28,244.74,252.99,253.61,240.38,244.74,-0.084539719,0.049675215,-11857307,7696824,-19554131,0.61803016,346,90412,1,,270,200,-1
2026-07-29,224.89,242,243.245,222.56,224.89,-0.084585029,0.084518264,-19586317,5568480.2,-25154798,0.66890772,338,101783,1,,267.5,200,-1
2026-07-30,241.54,259.79,268.48,232.67,241.54,0.071423697,0.1592334,-18598079,17190046,-35788125,0.77796701,372,117395,1,,240,230,-1
2026-07-31,239.69,259.39,261.905,239.272,239.69,-0.0076886691,0.093702906,-9399932.3,11418065,-20817997,0.61714372,355,95658,1,,252.5,200,-1
2026-08-03,239.06,229.47,241.9,219.39,239.06,-0.0026318553,0.093912971,-9059355.2,13731732,-22791087,0.6578329,357,100952,1,,252.5,200,-1
2026-08-04,280.56,253.97,283.269,251.1,280.56,0.16007304,0.13456454,18189772,35390467,-17200696,0.61131966,422,129800,1,,300,250,1
2026-08-05,274.58,275,281.59,268.62,274.58,-0.021544948,0.046228971,23220917,45392754,-22171836,0.66369748,414,147422,1,,300,250,1
2026-08-06,286.68,268,295.57,266.88,286.68,0.043123954,0.10448685,32676481,55171349,-22494868,0.68546844,422,153737,1,,300,250,1
2026-08-07,282.57,298.15,299.285,275,282.57,-0.014440304,0.084711176,19268832,40460193,-21191361,0.587245,360,128374,1,,310,250,1
2026-08-10,267.85,282.44,282.8,267.31,267.85,-0.053499185,0.054818275,10408311,36492725,-26084414,0.58442777,363,136723,1,245.11025,300,250,1
2026-08-11,268.93,273.1,273.3897,265.37,268.93,0.0040240004,0.029941012,9873166.5,40453246,-30580080,0.60029981,367,145381,1,255.09811,300,250,1
2026-08-12,271.87,279.96,280.16,266.5915,271.87,0.010872888,0.05045365,17577341,48676217,-31098876,0.6451458,369,149023,0.99952356,255.39248,300,250,1
2026-08-13,278.65,266.91,290.21,266.241,278.65,0.024632503,0.08816346,31423841,60587426,-29163585,0.67519936,364,145886,1,,300,250,1
2026-08-14,279.44,278.23,281.6699,274.455,279.44,0.0028310865,0.025892338,18162820,44919793,-26756974,0.55161069,339,132954,0.99987214,,300,250,1
2026-08-17,271.43,285,287.15,271.28,271.43,-0.029083321,0.056792156,10403719,41769674,-31365956,0.55066134,346,141836,1,255.79575,300,250,1
2026-08-18,253.32,256.81,258.5,247.6,253.32,-0.069050768,0.040157683,-12430395,25653868,-38084263,0.57616878,336,130577,1,272.7222,300,250,-1
2026-08-19,249.34,257,268,241.5,249.34,-0.015836085,0.10461077,-20047048,21878070,-41925118,0.83836369,332,123551,1,,280,250,-1
2026-08-20,250.72,246.4,251.23,242.28,250.72,0.0055193517,0.035894762,-16666685,30364130,-47030816,0.81686368,349,144031,0.99968062,269.40005,300,250,-1
2026-08-21,243.32,253.46,255.93,242.5,243.32,-0.029959329,0.053565731,-13936572,15871700,-29808272,0.64265046,321,118715,1,,257.5,250,-1
2026-08-24,238.78,236.89,240.25,233.29,238.78,-0.018834824,0.028604307,-16238794,15774408,-32013202,0.66705258,313,118093,1,,257.5,250,-1
2026-08-25,241.56,244.81,247.99,240.34,241.56,0.011575264,0.032037859,-13623414,20050687,-33674102,0.68746665,357,124821,1,,265,250,-1
2026-08-26,251.06,240.26,253,238.5,251.06,0.038574065,0.060026494,1224451.9,32341907,-31117455,0.74058007,378,131172,1,249.47636,265,250,1
2026-08-27,255.21,255.33,267.69,249.4654,255.21,0.016394781,0.072590616,15842782,48092116,-32249333,0.78325201,383,141068,1,243.91899,265,250,1
2026-08-28,239.05,250.99,251.69,238.66,239.05,-0.065414001,0.051055993,-15347910,16588198,-31936108,0.6085364,318,117036,1,,280,200,-1
2026-08-31,241.91,239,243.7,238.0946,241.91,0.011893021,0.023448651,-16843137,21013863,-37857000,0.62756716,355,134014,1,,280,250,-1
2026-09-01,234.82,233.64,235.98,229.3,234.82,-0.029746493,0.027613575,-17202109,22806794,-40008903,0.65145463,337,140099,0.99997145,,245,200,-1
2026-09-02,234.86,234.49,236.44,229.39,234.86,0.00017032873,0.030022996,-15656968,27220233,-42877201,0.68393219,342,148007,1,250.11385,245,230,-1
2026-09-03,242.59,230.62,244.07,225.46,242.59,0.032383184,0.079238695,-2987366.8,39153714,-42141081,0.71743497,345,149505,0.99997325,244.70938,245,230,-1
2026-09-04,252.09,248.82,255.69,247.51,252.09,0.038413391,0.033719444,-1497243.4,28928643,-30425886,0.63864312,315,126802,0.99973975,255.93269,300,250,-1
2026-09-08,261.53,261.33,267.97,254.64,261.53,0.036762833,0.05287794,15537286,45829922,-30292636,0.70117018,334,148707,0.99935444,242.49623,270,250,1
2026-09-09,264.23,261.84,274.8,261.49,264.23,0.010270936,0.050892823,28262742,60563409,-32300667,0.75066383,339,163240,0.99995712,245.1385,280,250,1
2026-09-10,254.18,252.2,257.92,251.29,254.18,-0.038777259,0.025091776,6839105.3,48429444,-41590339,0.74522325,342,159890,0.99997498,250.58531,257.5,250,1
2026-09-11,264.79,257.15,267.77,253.06,264.79,0.040894382,0.057872374,9994634.8,40186871,-30192236,0.65726377,303,137009,0.99982483,251.19831,300,250,1
2026-09-14,239.01,241.79,249.25,238.0323,239.01,-0.10243167,0.042364515,-16592702,25046819,-41639521,0.65577973,300,135623,1,262.56544,280,250,-1
